response,label
"## Context:
Title: Summary of the LLM Pipeline Functions
Subject: Functions for checking response quality in the LLM pipeline

## Central Thesis:
This text provides a summary of two functions in the LLM pipeline: `assert_response_ends_with_word_count` and `assert_clear_central_thesis`. The functions aim to check different aspects of response quality.

## Key Points:
- The `assert_response_ends_with_word_count` function checks if the response ends with the word count being mentioned.
- The `assert_clear_central_thesis` function checks if the response clearly articulates the central thesis or main argument of the discussion.
- Both functions are part of the LLM pipeline and have specific purposes for checking response quality.
- The functions do not imply each other based on their individual purposes.

## Conclusions and Takeaways:
- The LLM pipeline includes functions for checking various aspects of response quality.
- `assert_response_ends_with_word_count` and `assert_clear_central_thesis` are specific functions with different objectives.
- The first function does not imply the second function because they serve different purposes.

## Glossary of Important Terms:
- N/A

```json
{
  ""answer"": ""no"",
  ""response"": ""N/A""
}
```",1
"Given the definitions of the two functions, `assert_has_pull_request_keywords_v1` and `assert_follows_code_conventions_v1`, they check for different aspects of the response.

1. `assert_has_pull_request_keywords_v1` checks for the presence of specific keywords related to pull request reviews in the response. This is a simple presence check for certain strings in the text and is straightforward.

2. `assert_follows_code_conventions_v1` checks if the response adheres to Python's code conventions. This is a more complex check that requires understanding the actual substance and format of the response, and not just the presence of certain keywords.

Since the first function is looking for certain keywords and the second function is evaluating the adherence to code conventions, there could be a scenario where a response could contain all the necessary keywords but still may not follow Python's code conventions. Hence, the first function does not imply the second function.

Here's the JSON as requested:

```json
{
  ""answer"": ""yes"",
  ""response"": ""N/A""
}
```",1
"Here is the JSON response showing that the first function does not imply the second:

```json
{
  ""answer"": ""yes"",
  ""response"": ""An example response might start with the correct context, including the title, speaker, and subject, but might fail to follow the rest of the instructed structure such as including a central thesis, key points, conclusions and takeaways, and a glossary of important terms. Therefore, passing the check in `assert_response_begins_with_context_2` does not guarantee that the response will be structurally correct and complete per the instructions, which is what `assert_response_proper_summary_structure` checks for.""
}
```",1
"Here, the first function `assert_has_context` checks if the response begins with ""context:"" and includes the title, speaker or author, and overarching subject or theme. However, it does not specifically check for the presence of ""date and setting"" as part of the context.

The second function `assert_understanding_of_date_and_setting` focuses on whether the response shows an understanding of the date and setting, when mentioned, which seems to suggest that it's checking for something more nuanced than just the presence a ""date and setting"" within the section labeled context. It is assessing the comprehension and appropriate inclusion of this information in the response.

Given that the first function assures the section starts with ""context:"" but does not verify if the date and setting are included or understood, whereas the second function specifically evaluates the understanding of ""date and setting,"" it is possible for the first function to return True (the response starts with ""context:"") while the second function could return False (if the response does not demonstrate an understanding of the date and setting).

Therefore, the first function does not imply the second function.

```json
{
  ""answer"": ""yes"",
  ""response"": ""N/A""
}
```",1
"Let's evaluate the two functions provided:

- `assert_response_is_personal_and_grateful_v2` checks if the response includes a personal tone and shows gratitude.

- `assert_contains_brief_answers_v1` checks if the response contains brief answers.

The first function looks specifically for certain keywords that indicate a personal tone and gratitude (""Thank you, @"" or ""Great work!"") in the response. However, it doesn't evaluate the length or conciseness of the response, merely the presence of those specific phrases.

The second function asks if the response is brief and to the point. This is a different criterion than what is checked by the first function. A response can express personal tone and gratitude and yet be verbose and not brief. Therefore, it's possible for the response to pass the check of `assert_response_is_personal_and_grateful_v2` but fail `assert_contains_brief_answers_v1` due to not being brief.

Considering this, there is a scenario where `assert_response_is_personal_and_grateful_v2` would return True (when gratitude is expressed in a personalized way) while `assert_contains_brief_answers_v1` could return False (when the answer is not brief). Thus, the first function does not imply the second.

Here is the JSON response as requested:

```json
{
  ""answer"": ""yes"",
  ""response"": ""N/A""
}
```",1
"No, the first function does not imply the second function. The first function checks for the presence of a specific heading ""Significant Details:"" within the response, which pertains to whether the response contains a certain section or not. The existence of such a heading does not guarantee that the response begins with an outline or a title (or the presence of an inaugural context setting), as the check in the second function does.

However, since the prompt template provided doesn't include a ""Significant Details"" section, it seems there may be a misunderstanding or divergence between what the prompt template is asking for and the check being conducted in the first function. If we stick strictly to the provided example response structure, which does not have a ""Significant Details"" section, the first function would not be in line with the provided example and, therefore, would always return `False` considering the prompt template. Meanwhile, the second function checks if the response begins with an appropriate outline of context, which reflects the structure requested in the prompt template.

Considering these functions in isolation from the template structure, it's conceivable that a response could include the heading ""Significant Details:"" at any point, thereby passing the first function, but may not necessarily begin with ""Title:"" or ""Outline:"", causing the second function to fail. Thus logically, the presence of one does not guarantee the presence of the other.

Here is the answer in JSON format:

```json
{
  ""answer"": ""no"",
  ""response"": ""N/A""
}
```",1
"No, the first function does not imply the second function. There is no direct relationship between the two functions.",1
"The first function (`assert_response_ends_with_word_count`) checks whether the response includes a word count at the end, which is a straightforward check of the format of the response. It makes sure that the last thing mentioned is the word count, which matches the number of words in the response when split by whitespace.

The second function (`assert_clear_central_thesis`), however, checks whether the response clearly articulates the central thesis or main argument of the discussed text. It does so by using a function `ask_llm` to presumably query a language model and verify if the thesis or argument is clear in the response. This is a qualitative check about the content of the response rather than its format.

Therefore, the first function does not imply the second function. It is entirely possible for a response to technically end with a word count but fail to clearly articulate the central thesis of the text. The first function checks for a specific structural element in the response (the inclusion of a word count), while the second function evaluates the clarity and effectiveness of the response in conveying a particular piece of information (the central thesis).

Here is the JSON response as requested:

```json
{
  ""answer"": ""yes"",
  ""response"": ""N/A""
}
```",1
"The first function `assert_code_review_aspects` checks for specific concrete aspects in the response: it verifies the presence of code snippets and a personal touch using the ""@"" symbol addressing the author. It does not directly evaluate whether the review adheres to the workflow described in the prompt, but rather it checks only for certain elements that might be a part of such a workflow.

The second function `assert_review_based_on_workflow_v1` is designed to confirm that the review explicitly follows the workflow described in the prompt. It would require a deeper understanding of the content of both the prompt and the response to assess whether the workflow was indeed followed.

Since `assert_code_review_aspects` does not evaluate adherence to the workflow but only checks for the presence of code snippets and personal touch, while `assert_review_based_on_workflow_v1` specifically addresses the review process adherence, there can be a scenario where `assert_code_review_aspects` returns `True` (because the response includes code snippets and a personal touch) but `assert_review_based_on_workflow_v1` returns `False` (because the response, despite having the mentioned features, does not follow the workflow as described). Therefore, the presence of elements checked by the first function does not guarantee that the second function’s criteria are met.

Since the first function does not imply the second function, the answer is 'yes'.

```json
{
  ""answer"": ""yes"",
  ""response"": ""N/A""
}
```",1
"The first function `assert_has_context` checks whether or not the response begins with the word ""Context:"" and addresses the beginning structure of the response, related to the formatting requirements specific to the presence of a context section. It checks if the summary adheres to the prescribed markdown format and includes the required headings for summarization.

The second function `assert_is_clear_succinct_and_essence_captured` is concerned with the clarity, succinctness, and the essence of the content within the summary. This function asks a more subjective question about the quality of the written content, which can include aspects such as readability, condensation of information, and the effective conveyance of the main ideas.

The two functions are checking different aspects of the response. The first function strictly checks whether the response starts with a specified string (""Context:"") which is a straightforward, objective check. The second function, however, is checking the clarity and quality of the response's summary, which is subjective and requires analysis of the content.

Therefore, there is indeed a possible example where `assert_has_context` returns `True` because the response starts with ""Context:"", but `assert_is_clear_succinct_and_essence_captured` might return `False` if the response, despite starting with ""Context:"", is unclear, verbose, or misses the essence of the discussion.

Here is the JSON response with the answer:

```json
{
  ""answer"": ""yes"",
  ""response"": ""N/A""
}
```",1
"The first function `assert_has_pull_request_keywords_v1` checks for the presence of certain keywords related to pull request reviews in the response. The presence of these keywords does not necessarily guarantee that the specific pull request indicated by the `example` is being addressed in the response; it just checks for generic pull request-related terms in the response text.

The second function `assert_responds_to_correct_pull_request` is specifically checking whether the response pertains to the pull request described by the `example`, not just any pull request or general pull request-related content. This involves a more contextual and specific check which could include confirming that the response addresses any issues mentioned in the pull request title, description, code changes, or other unique identifiers of the pull request in question.

Therefore, it is possible for the first function to return `True` (i.e., pull request-related keywords are present), while the second function returns `False` (i.e., the response does not specifically address the pull request described in the `example`). The first function does not imply the second one.

Here is your answer in JSON:

```json
{
  ""answer"": ""yes"",
  ""response"": ""N/A""
}
```",1
"The first function `assert_iterates_research_once` simply checks that the response adheres to the set guideline of performing only one iteration of the research process, without necessarily guaranteeing the inclusion of up-to-date supplier information.

The second function `assert_inclusion_of_supplier_information` specifically checks if the response includes updated and recent information about the suppliers, which is not validated by the first function; the single iteration of research mentioned in the first function could theoretically happen without yielding updated supplier information.

Given that the first function does not guarantee that the second condition (inclusion of updated and recent supplier information) has been met, there can be a case where function `assert_iterates_research_once` would return `True` (research was conducted only once), while the function `assert_inclusion_of_supplier_information` might still return `False` (because updated and recent supplier info might not have been included).

Therefore, it is possible for the example such that function `assert_inclusion_of_supplier_information` returns False while function `assert_iterates_research_once` returns True, as they are checking for different things. Here is the response in JSON format:

```json
{
  ""answer"": ""yes"",
  ""response"": ""N/A""
}
```",1
"The first function `assert_no_unnecessary_details` checks whether the summary includes any unnecessary details by asking the LLM a question. The intent behind this function is to make sure nothing superfluous is added to the summary so that the focus remains on the essence of the main points.

On the other hand, the second function `assert_has_central_thesis` checks whether the central thesis or main argument is explicitly stated in the response. For the second function to return `False`, the phrase ""central thesis"" (or a variant accounting for case) must be absent from the response.

In essence, the first function looks for extraneous information that could distract from understanding, while the second function looks for the presence of a specific piece of content that aids understanding—the central thesis.

It is possible for a response to not contain any unnecessary details (thus being succinct), but also fail to explicitly state the central thesis due to the omission of the phrase. Therefore, a response could theoretically pass the test posed by the first function but fail the test posed by the second function.

Thus, an example where `assert_has_central_thesis` returns `False` while `assert_no_unnecessary_details` returns `True` could occur if the summary is concise and to the point but does not explicitly label any part of the text as the ""central thesis.""

Therefore, the first function does not implicitly guarantee the second; it's possible for the first function's criteria to be satisfied while the second function's criteria are not. Here is the JSON response indicating this conclusion:

```json
{
  ""answer"": ""yes"",
  ""response"": ""N/A""
}
```",1
"The first function does not imply the second function. In other words, there is an example where the first function returns True while the second function returns False. Here is the JSON response:

```json
{
  ""answer"": ""no"",
  ""response"": ""N/A""
}
```",1
"The first function, `assert_contains_conclusions_takeaways`, is specifically checking for the presence of a ""conclusions and takeaways"" section in the response. This function does not necessarily assess whether the response maintains the essence of the discussion or if it creates a succinct summary; it only looks for a certain heading or keyword in the response.

On the other hand, the second function, `assert_response_maintains_essence_and_brevity`, is actually checking the content against the criteria of maintaining the essence of the discussion and being succinct. This is a more nuanced and qualitative assessment, which may involve determining if the key points are captured accurately and if any unnecessary information is excluded to keep the summary brief and to the point.

These two functions check for different things: one for the presence of specific words and the other for the quality of the content in the response. It is quite possible to have a response that includes a ""conclusions and takeaways"" section but does not maintain the essence of the discussion or is not succinct—this would result in `assert_contains_conclusions_takeaways` returning True and `assert_response_maintains_essence_and_brevity` potentially returning False.

Hence, there exists a scenario where `assert_response_maintains_essence_and_brevity` could return False while `assert_contains_conclusions_takeaways` returns True. Therefore, the first function does not imply the second function.

Here is the answer in requested JSON format:

```json
{
  ""answer"": ""yes"",
  ""response"": ""N/A""
}
```",1
"The first function, `assert_correct_payload_integration`, is checking whether the response contains specific elements from the `pr_webhook_payload` (namely the title and the description).

The second function, `assert_properly_structured_english_v1`, checks if the response is in sentence or paragraph form with properly structured English, which is independent of the content of the `pr_webhook_payload`. It's possible to integrate the title and description into the response but still have a poor structure or grammatical errors.

Therefore, the first function does not imply the second because the mere presence of specific keywords from the payload doesn’t guarantee that the response has proper sentence or paragraph structure or properly structured English. It's theoretically possible for `assert_correct_payload_integration` to return `True` (i.e., the title and description are present in the response), while `assert_properly_structured_english_v1` returns `False` (the English structure is improper), indicating that the inclusion of the payload elements does not ensure correct English structure.

Here is the JSON response indicating that the first function does not imply the second:

```json
{
  ""answer"": ""yes"",
  ""response"": ""N/A""
}
```",1
"The first function, `assert_correct_payload_integration`, is designed to ensure that the response correctly integrates parts of the pull request webhook payload, such as the title and the description. Essentially, it looks for factual information tied to the content of the PR.

The second function, `assert_gratitude_personal_touch`, checks whether the response includes a personal sign of gratitude towards the author by looking for a specific tag formatted as ""@[author's username]"".

The first function does not necessarily imply the second function since it is possible that the response could correctly integrate the PR webhook payload into its answer by mentioning the title and the description but still omit the personal sign of gratitude (the author's tag).
    
An example scenario where `assert_correct_payload_integration` would return `True` and `assert_gratitude_personal_touch` would return `False` is if the response includes the PR title and description but does not mention the author's username or thank the author personally.

Therefore, we can conclude that the first function does not imply the second.

Here is the JSON output with the answer:

```json
{
  ""answer"": ""yes"",
  ""response"": ""N/A""
}
```",1
"The first function, `assert_excludes_irrelevant_code`, explicitly checks whether the code provided in the response is strictly from the code additions or deletions in the PR (pull request) diff. It does not evaluate conciseness or adherence to language code conventions.

On the other hand, the second function, `assert_conciseness_and_convention`, is checking two qualitative aspects:
- Is the response concise?
- Does the response adhere to the language's code conventions?

This means that while the first function is strictly checking for the veracity of included code against the PR diff, the second function is assessing the quality of the response in terms of conciseness and conventionality, which are not directly addressed in the first function. The first function could return `True` (the code is from the PR diff) even if the response includes verbose or non-conventional code, which would make the second function return `False`. Therefore, an example exists such that the first function returns `True` while the second returns `False`, hence the first function does not imply the second.

The JSON response indicating the first does not imply the second would be:

```json
{
  ""answer"": ""yes"",
  ""response"": ""N/A""
}
```",1
"The first function, `assert_has_key_points`, checks the response for the presence of 3 to 5 bullet points under the ""Key Points:"" section, which generally relates to the structure of the summary rather than its length.

The second function, `assert_summary_within_word_count`, checks that the word count of the entire response is between 200 and 400 words.

The fact that a response contains 3 to 5 bullet points does not inherently dictate the word count of the response. The key points could be quite concise or elaborated upon, affecting the total word count. Similarly, other sections of the summary (such as the Context, Central Thesis, Conclusions and Takeaways, and Glossary of Important Terms) could be quite lengthy or brief, again affecting the word count independently of the bullet points.

Therefore, there can be examples where `assert_has_key_points` returns True (the response has the correct number of bullet points) while `assert_summary_within_word_count` returns False (the response word count is outside the 200-400 words range). 

The first function does not imply the second function because they check for different aspects of the response.

Here is the JSON response as requested:

```json
{
  ""answer"": ""yes"",
  ""response"": ""N/A""
}
```",1
"The first function, `assert_has_key_points`, checks whether there are at least 3 to 5 bullet points following the ""Key Points:"" section in the response. This function is primarily concerned with the structure of the response and the presence of multiple key points formatted as bullet points.

The second function, `assert_response_contains_central_thesis`, checks for the presence of a specific substring, `**Thesis:**`, in the response, indicating the central thesis or main argument.

These two functions check for different things: one checks for format and quantity of key points, while the other checks for the presence of a specific identifier for the central thesis. There can be a response in which the ""Key Points"" section is properly formatted with bullet points, yet the central thesis is either not labeled with `**Thesis:**` or is absent altogether.

Thus, there is an example such that `assert_response_contains_central_thesis` returns False while `assert_has_key_points` returns True. Therefore, the first function does not imply the second function.

Here is the answer in the requested JSON format:

```json
{
  ""answer"": ""yes"",
  ""response"": ""N/A""
}
```",1
"The first function, `assert_markdown_format`, does not imply the second function, `assert_as_markdown_format`. There is an example where `assert_markdown_format` returns True while `assert_as_markdown_format` returns False. This is because `assert_markdown_format` only checks for the presence of specific markdown headers, while `assert_as_markdown_format` has more comprehensive pattern matching to cover various markdown elements. 

Here is an example:

```python
example = {
    ""prompt"": ""Check markdown format"",
    ""code"": """"""
async def my_function():
    # Header 1
    ## Header 2
    ### Header 3

    - Unordered List Item 1
    - Unordered List Item 2

    1. Ordered List Item 1
    2. Ordered List Item 2

    [Link Text](http://example.com)

    **Bold Text**

    *Italic Text*

    `Inline Code`

    ```
    Fenced Code Block
    ```

    This is a regular text.

    """"""
}

formatted_prompt = example[""prompt""]
response = example[""code""]

assert assert_markdown_format(example, formatted_prompt, response)  # Returns True
assert not assert_as_markdown_format(example, formatted_prompt, response)  # Returns False
```

Therefore, the answer is:

```json
{
  ""answer"": ""no"",
  ""response"": ""N/A""
}
```",1
"The first function, `assert_minimum_number_of_key_points`, checks if there are at least 3 to 5 key points listed in the summary response by simply counting the number of bullet points ""-"" found.

The second function, `assert_central_thesis_articulated`, checks if the 'Central Thesis' or main argument has been articulated in the response section between the markers for ""Central Thesis"" and ""Key Points"".

These two functions check for different criteria in the response. The first function looks for the number of key points, while the second function checks for the existence and minimum length of the central thesis section. It is possible to have a situation where the response contains 3 to 5 key points but either does not articulate a central thesis at all or contains a central thesis that is shorter than the arbitrary threshold set for length in the second function. Thus, passing the first check does not necessarily imply that the second check will pass.

Therefore, there can be an example where `assert_central_thesis_articulated` returns False while `assert_minimum_number_of_key_points` returns True.

Here is the JSON as requested:

```json
{
  ""answer"": ""yes"",
  ""response"": ""There can be an example where the response includes 3-5 key points but does not articulate a central thesis or has one shorter than the minimum length, making the first function not imply the second.""
}
```",1
"The first function, `assert_no_text_below_exercise_list`, checks to ensure that there is no additional text below the exercises list. However, it does not address the content within the response itself, only its structure in relation to how it ends.

The second function, `assert_alternative_for_no_routine`, is designed to check if the response indicates that there is no follow-along routine present in the text. This function addresses the content and the context of the response and whether it adheres to the specific case where a routine is not present.

Given this distinction, it’s clear that the content check in the second function is not implied by the structure check in the first function. The first function could return `True` (meaning no extra text below the exercises), but that does not guarantee the second function would also return `True` (properly indicating the absence of a routine). In other words, a response could end correctly according to the first function while still not addressing the absence of a routine as expected by the second function.

Therefore, there is an example such that function `assert_alternative_for_no_routine` returns False while function `assert_no_text_below_exercise_list` returns True.

Here is how we can represent this answer in JSON format:

```json
{
  ""answer"": ""yes"",
  ""response"": ""N/A""
}
```",1
"The first function, `assert_no_unnecessary_urgency`, checks if the summary reflects an unnecessary sense of urgency that could compromise the quality of the information. This function examines the tone of the summary to ensure it does not rush the reader in a way that could lead to misinterpretation of the content.

The second function, `assert_conclusions_and_takeaways_present`, explicitly checks if a ""Conclusions and Takeaways"" section is included in the response. This section must summarize the overall implications of the discussion and any actionable insights.

These two functions evaluate different aspects of the response. The first function assesses the tone and urgency of the response, while the second function checks for the presence of a specific section of content.

Therefore, there can indeed be a scenario where the urgent tone is not present in the summary (meaning `assert_no_unnecessary_urgency` would return True) but the summary still lacks the ""Conclusions and Takeaways"" section (meaning `assert_conclusions_and_takeaways_present` would return False). Since these conditions can occur independently of one another, the first function does not imply the second function.

Here’s the JSON answer as requested:

```json
{
  ""answer"": ""yes"",
  ""response"": ""N/A""
}
```",1
"The first function, `assert_reference_to_pull_request_review`, checks if the response is explicitly referencing a pull request review by looking for a user handle (e.g., ""@pythonDev"") and the presence of words like ""suggestion"" and ""pull request"" in a case-insensitive manner.

The second function, `assert_exclusion_of_speculation_v1`, checks if the response avoids making speculations or assumptions about the unseen parts of the code that are not visible in the diff. It is not explicitly stated what method `ask_llm` uses to determine this, but it is supposed to query an LLM with the prompt, response, and a specific question.

These two functions are checking for different properties in the response:

- The first function looks for specific references to the contribution and suggestions provided.
- The second function looks for the exclusion of speculations or assumptions, which is a judgment of the content of the response with respect to speculation about the unseen code.

An example where `assert_reference_to_pull_request_review` returns True, and `assert_exclusion_of_speculation_v1` returns False could easily occur if the response properly references a pull request and makes suggestions but also includes speculations about parts of the code not visible in the diff.

Therefore, the presence of a pull request reference and suggestions does not necessarily imply that there are no speculations or assumptions about unseen code parts.

Here's the JSON response indicating that the first function does not imply the second function:

```json
{
  ""answer"": ""yes"",
  ""response"": ""N/A""
}
```",1
"The first function, `assert_response_considers_current_standing_with_suppliers`, is checking if the response contains a specific mention related to the current standing with the suppliers, which is a given piece of information within the example dictionary. It's a direct string match within the response.

The second function, `assert_inclusion_of_supplier_information`, is checking if the response includes updated and recent information about the suppliers, such as current news. This function goes beyond considering the current standing and checks for the inclusion of recent updates and information about the suppliers in the response. The assessment is made by asking the language model whether updated supplier information is included in the response, which is not performed within the first function.

The second function's requirement for ""updated and recent information about the suppliers such as current news"" is not implied by the first function's requirement to check only if the response includes a mention of the current standing with the suppliers. The first function does not assess whether the response contains recent updates or specific current new information; it only checks for a string match that relates to the current standing.

Therefore, it is possible for the response to consider the current standing with suppliers (triggering a True return from the first function) without including updated and recent information about the suppliers (which could cause the second function to return False).

Here is the JSON answer:

```json
{
  ""answer"": ""yes"",
  ""response"": ""N/A""
}
```",1
"The function `assert_conclusions_and_takeaways` explicitly checks for the presence of a ""Conclusions and Takeaways:"" section in the response. However, the function `assert_response_maintains_essence_and_brevity` checks both for maintaining the essence of the discussion and creating a succinct summary. These are related yet separate checks – the first function only ensures that the conclusions and takeaways are mentioned, while the second function evaluates the quality and brevity of the entire summary, not just the conclusions and takeaways.

`assert_conclusions_and_takeaways` simply checks for the presence of a heading which can exist even if the summary is not succinct or doesn’t effectively maintain the essence of the discussion. It's possible that the conclusions and takeaways are there, but they might not be succinct enough, or they might not represent the essence of the discussion well. For example, they might be overly verbose or contain unnecessary details that do not contribute to the essence of the discussed material.

Thus, the first function does not imply the second, because you can have a response that passes the `assert_conclusions_and_takeaways` check (i.e., it contains the conclusions and takeaways section), but it might still fail the `assert_response_maintains_essence_and_brevity` check if it doesn't maintain brevity or the essence of the text in the overall summary.

Here is the JSON:

```json
{
  ""answer"": ""yes"",
  ""response"": ""The presence of a 'Conclusions and Takeaways:' section does not guarantee that the summary maintains the essence of the discussion and is succinct.""
}
```",1
"The function `assert_response_includes_improvements_v1` checks if the response contains the specific phrase ""Improvement:"", which suggests that the response talks about what can be improved in the code provided in the code diff. It does not directly assess whether the response includes code that is not part of the diff. It merely checks for the presence of a keyword indicative of an improvement suggestion.

On the other hand, the function `assert_excludes_full_codebase_review` specifically checks if the response includes code terms that are not found in the code diff additions, pointing towards an attempt to review code outside the given diff.

It is theoretically possible for `assert_response_includes_improvements_v1` to return True (e.g., the response contains the word ""Improvement:"" and provides an improvement suggestion based on the diff) while `assert_excludes_full_codebase_review` returns False (e.g., the response contains references to code not included in the diff).

Therefore, function `assert_response_includes_improvements_v1` does not imply function `assert_excludes_full_codebase_review`.

Here is the JSON formatted answer:

```json
{
  ""answer"": ""yes"",
  ""response"": ""N/A""
}
```",1
"The two functions `assert_includes_significant_details` and `assert_contains_outline` are checking for different aspects of the summary:

- `assert_includes_significant_details`: This function is checking whether the response includes all crucial details necessary for an understanding of the key points. It's about completeness and substance of the information included in the summary.

- `assert_contains_outline`: This function checks whether the response begins with an outline, a specific way of structuring the response. It's about the format of the summary rather than the content.

A summary could include all significant details and yet not start with an explicit outline section. In other words, it's possible to have a summary that responds ""True"" when passed through `assert_includes_significant_details`—meaning it includes all necessary information—but responds ""False"" for `assert_contains_outline` if it does not start with an 'Outline:' section.

Thus, the first function does not imply the second because it is possible to include all required details without structuring the response with an initial outline. Here is the JSON response that indicates the first function does not imply the second:

```json
{
  ""answer"": ""yes"",
  ""response"": ""N/A""
}
```",1
"The two functions are checking for different criteria in the response, and fulfilling the condition in one function does not guarantee the other condition is also met. The `assert_minimum_number_of_key_points` function checks if the response contains at least 3 to 5 bullet points, which are assumed to start with a ""-"". This has nothing to do with whether or not the `Context` section includes the title, speaker or author, and subject or theme.

It is entirely possible for a response to have 3 to 5 bullet points (thus fulfilling the condition of the first function), but not including either the title, speaker/author, or subject/theme in the `Context` section (not fulfilling the condition of the second function).

Therefore, there could be an example where function `assert_context_includes_title_speaker_theme` returns False while function `assert_minimum_number_of_key_points` returns True. These functions are checking for different aspects of the response and one does not imply the other.

Below is the JSON representation of the response:

```json
{
  ""answer"": ""yes"",
  ""response"": ""N/A""
}
```",1
"The two functions serve different purposes:

The first function `assert_excludes_unrelated_topics_or_keywords` checks if the response contains any unrelated topics or keywords. It works by verifying that none of the terms in the `unrelated_terms` list appear in the response.

The second function `assert_review_based_on_workflow_v1` checks if the review process described in the response follows the workflow from the prompt. In its description, it mentions it would use an LLM call, and it's more about the logical flow and adherence to the guidelines, rather than checking for specific keywords.

These two functions check for different things. The presence or absence of unrelated terms doesn't necessarily correlate with whether the review process follows the workflow. One can write a response that doesn't contain unrelated topics or keywords but still doesn't follow the described workflow. Likewise, it's possible to follow the workflow yet accidentally include an unrelated term.

Thus, an example such that function `assert_review_based_on_workflow_v1` returns False (meaning the workflow is not followed) while function `assert_excludes_unrelated_topics_or_keywords` returns True (meaning it excludes unrelated topics or keywords) is possible. These functions do not imply each other.

Here's your JSON answer:

```json
{
  ""answer"": ""yes"",
  ""response"": ""N/A""
}
```",1
"Yes, there is an example such that the function `assert_examples_of_improvement_follow_code_conventions_v1` can return False while the function `assert_presentation_format_v1` returns True. This is because the first function, `assert_presentation_format_v1`, is only checking for the presence of specific keywords in the response which are indicative of a structured format. It does not check the syntax or code conventions in the response's included code snippets.

On the other hand, the second function, `assert_examples_of_improvement_follow_code_conventions_v1`, specifically executes the response as Python code to ensure there are no syntax errors. One can provide a response that follows the structured format with the required keywords and yet includes Python code with syntax errors or code style issues that do not adhere to Python conventions.

Here is an example response that `assert_presentation_format_v1` would return True for because it finds the keywords, but `assert_examples_of_improvement_follow_code_conventions_v1` would return False because execution leads to a `SyntaxError`:

```
Instructions:
- Make sure to follow Python code conventions.

Improvements:
- Use descriptive variable names.

Code Review:
- The `addition` function is renamed to `add` for clarity.

Here's an example fix for your code:

```python
class Calculator:
    def add(self, num_1, num_2)
        return num_1 + num_2
```
```

The `def add(self, num_1, num_2)` line is missing a colon at the end, which will cause a `SyntaxError`.

The JSON response to your question would be:

```json
{
  ""answer"": ""yes"",
  ""response"": ""There can be responses that are structured correctly but contain syntactically incorrect code snippets.""
}
```",1
"```json
{
    ""answer"": ""no"",
    ""response"": ""N/A""
}
```",0
"```json
{
    ""answer"": ""yes"",
    ""response"": ""It is possible for the first function to return True if the response accurately reflects an understanding of any mentioned date and setting, suggesting a complete capture of that specific information. However, this does not necessarily guarantee that the response also contains 3-5 key points formatted with bullet points, as checked by the second function. Thus, the first function does not imply the second function.""
}
```",1
"```json
{
    ""answer"": ""yes"",
    ""response"": ""N/A""
}
```",1
"```json
{
    ""answer"": ""yes"",
    ""response"": ""The presence of a clearly articulated central thesis or main argument in the response does not guarantee that there will be 3-5 key points listed using bullet points. Thus, the function `assert_response_contains_central_thesis` does not imply that the `assert_has_key_points` condition has been met.""
}
```",1
"```json
{
  ""answer"": ""No"",
  ""response"": ""N/A""
}
```

Explanation: The first function, `assert_has_key_points`, checks if the response contains 3-5 key points using bullet points. The second function, `assert_summary_within_word_count`, ensures that the response is within the word count range of 200-400. These two functions check for different criteria and are not mutually exclusive. Therefore, the first function does not imply the second function.",0
"```json
{
  ""answer"": ""Yes"",
  ""response"": ""N/A""
}
```

Yes, the first function `assert_response_includes_improvements_v1` can return True while the second function `assert_excludes_full_codebase_review` returns False. This is because `assert_response_includes_improvements_v1` checks if the response includes improvements in code, while `assert_excludes_full_codebase_review` checks if the response attempts to review code outside of the given code diff. These two conditions are independent of each other and can result in different outcomes.",1
"```json
{
  ""answer"": ""no"",
  ""response"": ""N/A""
}
```",0
"```json
{
  ""answer"": ""yes"",
  ""response"": ""It is possible for the first function to return True even if the second function returns False. The first function checks for the presence of 'Title:', 'Author:', and 'Subject:' or 'Theme:' in the response, whereas the second function checks specifically for at least 3 key points provided in a bulleted list format. A response could include the context with title, speaker/author, and subject/theme, and yet not have at least 3 bulleted key points (e.g., the key points section could be missing, malformed, or contain fewer than 3 points). Therefore, the first function does not imply the second.""
}
```",1
"```json
{
  ""answer"": ""yes"",
  ""response"": ""N/A""
}
```",0
"```json
{
  ""answer"": ""yes"",
  ""response"": ""N/A""
}
```

The first function checks specifically if the response contains a clear distinction between the original content and any personal insights/criticisms provided by the respondent. This means it looks for a precise statement or disclaimer which clarifies that a specific section of the response contains personal thoughts rather than being a part of the initial text discussed.

On the other hand, the second function simply checks if there is a section within the response labeled ""Conclusions and Takeaways:"". It does not assess the content or the nature of assertions within that section, only the presence of the heading.

Therefore, it is indeed possible for the first function to return `True` (when the insights section is clearly distinguished, even if it doesn't include conclusions and takeaways from the initial text) while the second function returns `False` (when there is no explicit ""Conclusions and Takeaways:"" section present in the response). Hence, the first function does not imply the functionality of the second.",1
"```json
{
  ""answer"": ""yes"",
  ""response"": ""N/A""
}
```
The first function `assert_no_unnecessary_details` does not imply or not imply the second function `assert_has_central_thesis`. They check for different conditions and their results are not dependent on each other.",1
"```json
{
  ""answer"": ""yes"",
  ""response"": ""N/A""
}
``` 
The first function `assert_response_includes_improvements_v1` specifically checks if the word ""Improvement:"" is in the response, suggesting that the response should contain concrete suggestions for code improvement.

The second function `assert_excludes_unrelated_topics_or_keywords` looks for unrelated terms, which are not necessarily indicative of whether the response includes code improvements or not. It's possible to have a response that contains both improvements and unrelated terms. Therefore, having the keyword ""Improvement:"" in the response does not guarantee that unrelated terms are absent; hence the first function does not imply the second.",1
"```json
{
  ""answer"": ""yes"",
  ""response"": ""The assertion function `assert_no_repetitions_in_response` checks for the specific repetition of a phrase in the response text, while the function `assert_facts_only_no_fabrication` checks the veracity of the content, verifying that only true, gathered facts and data are included without any fabrication. These are distinct checks: a response can avoid repeating a specific phrase yet still contain fabricated information, or it can repeat a phrase while all information is factual. Therefore, the first function does not imply the second.""
}
```",1
"```json
{
  ""answer"": ""yes"",
  ""response"": ""The first function `assert_supplier_summary_inclusion` checks specifically if the 'company profile' and 'historical performance' are mentioned in the 'Supplier Summary' section. However, this function does not check for extra headers or sections. The second function `ensure_no_extra_sections` checks specifically for extra headers or sections not included in the specified prompt template and has nothing to do with the content under 'Supplier Summary'. Therefore, it is possible for `assert_supplier_summary_inclusion` to return True while `ensure_no_extra_sections` returns False if the response does include proper content under 'Supplier Summary' but also contains other extraneous sections not listed in the prompt template.""
}
```",1
"```json
{
  ""answer"": ""yes"",
  ""response"": ""The first function checks for a clear distinction within a specific section of the response indicating personal insights or criticisms, whereas the second function checks for the presence of Markdown syntax elements such as headings or lists throughout the entire response. A response could clearly distinguish insights without using any Markdown formatting, thus the first function does not imply the second.""
}
```",1
"```json
{
  ""answer"": ""yes"",
  ""response"": ""The first function checks for the inclusion of a target price reduction goal in the response, which has no correlation with the search and scraping iteration process described in the second function. Therefore, it is possible for the first function to return True (if the target price reduction is mentioned in the response), while the second function could return False if there are indications of multiple iterations of searching and scraping beyond the allowed limit.""
}
```",1
"```json
{
  ""answer"": ""yes"",
  ""response"": ""The first function checks for the presence of specific section headings in the response but does not check the content under these headings, which means it does not ensure that the 'Key Points:' section uses bullet points nor does it verify the number of bullet points. Therefore, it is possible for the first function to return True by finding the section headings, but the second function could return False if the 'Key Points:' section does not have 3-5 bullet points as required.""
}
```",1
"```json
{
  ""answer"": ""yes"",
  ""response"": ""The first function checks that there is no text following the exercises list. It does not check the content of the response before the exercises list, which might not indicate the absence of a follow-along routine if such a routine is not present in the prompt. The second function specifically checks for the indication that there is no follow-along routine in the response when appropriate, regardless of where this indication is placed in the response. Therefore, there could be a case where the second function returns False (indicating a failure to state there isn't a routine when there isn't one in prompt), but the first function returns True (indicating no text follows the exercises list, even if the response fails to mention the absence of a routine).""
}
```",1
"```json
{
  ""answer"": ""yes"",
  ""response"": ""The first function does not imply the second because it only checks for syntax errors by trying to execute the code. Syntax errors do not cover all code convention issues, such as naming conventions, proper use of whitespace, and other stylistic elements that are in Python's PEP 8, for example. The second function explicitly checks if the response follows Python's code conventions, which can include a wider range of checks beyond just syntax correctness.""
}
```",0
"```json
{
  ""answer"": ""yes"",
  ""response"": ""The first function does not imply the second because it only checks for the presence of specific context information: title, speaker/author, and subject/theme within the response. It does not check whether the response includes a summary of implications and actionable insights, which is the purpose of the second function.""
}
```",1
"```json
{
  ""answer"": ""yes"",
  ""response"": ""The first function only checks for the presence of headers while the second function checks for other markdown elements as well, such as lists, links, bold and italic text, and code blocks. Hence, a response could pass the first function by having headers but might fail the second function if it lacks the other markdown elements.""
}
```",1
"```json
{
  ""answer"": ""yes"",
  ""response"": ""The first function only checks if the current standing with suppliers is mentioned in the response, while the second function checks for the completeness of the strategy and whether it addresses the requirements and follows the outlined steps fully. It is possible for the response to mention the current standing without being complete or vice versa.""
}
```",1
"```json
{
  ""answer"": ""yes"",
  ""response"": ""The two functions serve different purposes. The first function checks for personal opinions in the response, which may not necessarily correlate with the structure or existence of headers. The second function specifically checks to make sure that no additional headers or sections have been introduced. It's possible for a response to be free of personal opinions (satisfying the first function) while still introducing new headers or sections that are not part of the provided template (which would fail the second function). Therefore, the first function does not imply the second.""
}
```",1
"```json
{
  ""answer"": ""yes"",
  ""response"": ""There can be a response that contains an 'Improvement:' section but is not brief and to the point, including unnecessary elaboration. Therefore, assert_response_includes_improvements_v1 does not necessarily imply assert_contains_brief_answers_v1.""
}
```",1
"```json
{
  ""answer"": ""yes"",
  ""response"": ""There could be a scenario where 'assert_presentation_format_v1' returns True by detecting the presence of certain keywords that suggest a structured format, but the actual content does not contain any improvement suggestions, hence 'assert_response_includes_improvements_v1' could return False in such case.""
}
```",1
"{
    ""answer"": ""No"",
    ""response"": ""N/A""
}",0
"{
    ""answer"": ""yes"",
    ""response"": ""N/A""
}",1
"{
  ""answer"": ""No"",
  ""response"": ""N/A""
}",0
"{
  ""answer"": ""Yes"",
  ""response"": ""N/A""
}",1
"{
  ""answer"": ""no"",
  ""response"": ""N/A""
}",0
"{
  ""answer"": ""yes"",
  ""response"": ""N/A""
}",1
"{""answer"": ""N/A"", ""response"": ""No""}",0
"{""answer"": ""No"", ""response"": ""N/A""}",0
"{""answer"": ""no"", ""response"": ""N/A""}",0
"{""answer"": ""yes"", ""response"": ""N/A""}",1